attribute,value,idf
mpg,9.0,3.060127712748116
mpg,10.0,2.5692388069095244
mpg,10.0,2.5692388069095244
mpg,11.0,2.1654524970480087
mpg,11.0,2.1654524970480087
mpg,11.0,2.1654524970480087
mpg,11.0,2.1654524970480087
mpg,12.0,1.847172181895226
mpg,12.0,1.847172181895226
mpg,12.0,1.847172181895226
mpg,12.0,1.847172181895226
mpg,12.0,1.847172181895226
mpg,12.0,1.847172181895226
mpg,13.0,1.6094178337012917
mpg,13.0,1.6094178337012917
mpg,13.0,1.6094178337012917
mpg,13.0,1.6094178337012917
mpg,13.0,1.6094178337012917
mpg,13.0,1.6094178337012917
mpg,13.0,1.6094178337012917
mpg,13.0,1.6094178337012917
mpg,13.0,1.6094178337012917
mpg,13.0,1.6094178337012917
mpg,13.0,1.6094178337012917
mpg,13.0,1.6094178337012917
mpg,13.0,1.6094178337012917
mpg,13.0,1.6094178337012917
mpg,13.0,1.6094178337012917
mpg,13.0,1.6094178337012917
mpg,13.0,1.6094178337012917
mpg,13.0,1.6094178337012917
mpg,13.0,1.6094178337012917
mpg,13.0,1.6094178337012917
mpg,14.0,1.4428949512339222
mpg,14.0,1.4428949512339222
mpg,14.0,1.4428949512339222
mpg,14.0,1.4428949512339222
mpg,14.0,1.4428949512339222
mpg,14.0,1.4428949512339222
mpg,14.0,1.4428949512339222
mpg,14.0,1.4428949512339222
mpg,14.0,1.4428949512339222
mpg,14.0,1.4428949512339222
mpg,14.0,1.4428949512339222
mpg,14.0,1.4428949512339222
mpg,14.0,1.4428949512339222
mpg,14.0,1.4428949512339222
mpg,14.0,1.4428949512339222
mpg,14.0,1.4428949512339222
mpg,14.0,1.4428949512339222
mpg,14.0,1.4428949512339222
mpg,14.0,1.4428949512339222
mpg,14.5,1.3823633192476885
mpg,15.0,1.3345719452329026
mpg,15.0,1.3345719452329026
mpg,15.0,1.3345719452329026
mpg,15.0,1.3345719452329026
mpg,15.0,1.3345719452329026
mpg,15.0,1.3345719452329026
mpg,15.0,1.3345719452329026
mpg,15.0,1.3345719452329026
mpg,15.0,1.3345719452329026
mpg,15.0,1.3345719452329026
mpg,15.0,1.3345719452329026
mpg,15.0,1.3345719452329026
mpg,15.0,1.3345719452329026
mpg,15.0,1.3345719452329026
mpg,15.0,1.3345719452329026
mpg,15.0,1.3345719452329026
mpg,15.5,1.2977190165637094
mpg,15.5,1.2977190165637094
mpg,15.5,1.2977190165637094
mpg,15.5,1.2977190165637094
mpg,15.5,1.2977190165637094
mpg,16.0,1.270159705304389
mpg,16.0,1.270159705304389
mpg,16.0,1.270159705304389
mpg,16.0,1.270159705304389
mpg,16.0,1.270159705304389
mpg,16.0,1.270159705304389
mpg,16.0,1.270159705304389
mpg,16.0,1.270159705304389
mpg,16.0,1.270159705304389
mpg,16.0,1.270159705304389
mpg,16.0,1.270159705304389
mpg,16.0,1.270159705304389
mpg,16.0,1.270159705304389
mpg,16.200001,1.2614180615199913
mpg,16.5,1.2505120189708536
mpg,16.5,1.2505120189708536
mpg,16.5,1.2505120189708536
mpg,16.9,1.2397656715626326
mpg,17.0,1.2377138611009317
mpg,17.0,1.2377138611009317
mpg,17.0,1.2377138611009317
mpg,17.0,1.2377138611009317
mpg,17.0,1.2377138611009317
mpg,17.0,1.2377138611009317
mpg,17.0,1.2377138611009317
mpg,17.5,1.2310119069966305
mpg,17.5,1.2310119069966305
mpg,17.5,1.2310119069966305
mpg,17.5,1.2310119069966305
mpg,17.5,1.2310119069966305
mpg,17.6,1.2303541717827455
mpg,17.6,1.2303541717827455
mpg,17.700001,1.2299154795306046
mpg,18.0,1.229880372350203
mpg,18.0,1.229880372350203
mpg,18.0,1.229880372350203
mpg,18.0,1.229880372350203
mpg,18.0,1.229880372350203
mpg,18.0,1.229880372350203
mpg,18.0,1.229880372350203
mpg,18.0,1.229880372350203
mpg,18.0,1.229880372350203
mpg,18.0,1.229880372350203
mpg,18.0,1.229880372350203
mpg,18.0,1.229880372350203
mpg,18.0,1.229880372350203
mpg,18.0,1.229880372350203
mpg,18.0,1.229880372350203
mpg,18.0,1.229880372350203
mpg,18.0,1.229880372350203
mpg,18.1,1.230284617392418
mpg,18.1,1.230284617392418
mpg,18.200001,1.230891183141445
mpg,18.5,1.233887876200391
mpg,18.5,1.233887876200391
mpg,18.5,1.233887876200391
mpg,18.6,1.2352656979206935
mpg,19.0,1.2425459170972133
mpg,19.0,1.2425459170972133
mpg,19.0,1.2425459170972133
mpg,19.0,1.2425459170972133
mpg,19.0,1.2425459170972133
mpg,19.0,1.2425459170972133
mpg,19.0,1.2425459170972133
mpg,19.0,1.2425459170972133
mpg,19.0,1.2425459170972133
mpg,19.0,1.2425459170972133
mpg,19.0,1.2425459170972133
mpg,19.0,1.2425459170972133
mpg,19.1,1.2447804790224404
mpg,19.200001,1.247168314599131
mpg,19.200001,1.247168314599131
mpg,19.200001,1.247168314599131
mpg,19.4,1.252375006033243
mpg,19.4,1.252375006033243
mpg,19.799999,1.2642871759260035
mpg,19.9,1.2675255223892876
mpg,20.0,1.270848568862917
mpg,20.0,1.270848568862917
mpg,20.0,1.270848568862917
mpg,20.0,1.270848568862917
mpg,20.0,1.270848568862917
mpg,20.0,1.270848568862917
mpg,20.0,1.270848568862917
mpg,20.0,1.270848568862917
mpg,20.0,1.270848568862917
mpg,20.200001,1.2777075610077973
mpg,20.200001,1.2777075610077973
mpg,20.200001,1.2777075610077973
mpg,20.200001,1.2777075610077973
mpg,20.299999,1.281222121995056
mpg,20.5,1.2883672387358462
mpg,20.5,1.2883672387358462
mpg,20.5,1.2883672387358462
mpg,20.6,1.2919756265167102
mpg,20.6,1.2919756265167102
mpg,20.799999,1.2992090119570598
mpg,21.0,1.3063927352073454
mpg,21.0,1.3063927352073454
mpg,21.0,1.3063927352073454
mpg,21.0,1.3063927352073454
mpg,21.0,1.3063927352073454
mpg,21.0,1.3063927352073454
mpg,21.0,1.3063927352073454
mpg,21.0,1.3063927352073454
mpg,21.1,1.3099398623267042
mpg,21.5,1.3236073971232998
mpg,21.5,1.3236073971232998
mpg,21.5,1.3236073971232998
mpg,21.6,1.3268516004939919
mpg,22.0,1.338934627377511
mpg,22.0,1.338934627377511
mpg,22.0,1.338934627377511
mpg,22.0,1.338934627377511
mpg,22.0,1.338934627377511
mpg,22.0,1.338934627377511
mpg,22.0,1.338934627377511
mpg,22.0,1.338934627377511
mpg,22.0,1.338934627377511
mpg,22.0,1.338934627377511
mpg,22.299999,1.346938116709705
mpg,22.4,1.3493924711407705
mpg,22.5,1.3517399560499095
mpg,23.0,1.3619569329681045
mpg,23.0,1.3619569329681045
mpg,23.0,1.3619569329681045
mpg,23.0,1.3619569329681045
mpg,23.0,1.3619569329681045
mpg,23.0,1.3619569329681045
mpg,23.0,1.3619569329681045
mpg,23.0,1.3619569329681045
mpg,23.0,1.3619569329681045
mpg,23.0,1.3619569329681045
mpg,23.200001,1.3654161606458965
mpg,23.5,1.370097956408642
mpg,23.6,1.3715572888939707
mpg,23.700001,1.3729816618077728
mpg,23.799999,1.3743810269205676
mpg,23.9,1.3757657782542023
mpg,23.9,1.3757657782542023
mpg,24.0,1.3771463959110313
mpg,24.0,1.3771463959110313
mpg,24.0,1.3771463959110313
mpg,24.0,1.3771463959110313
mpg,24.0,1.3771463959110313
mpg,24.0,1.3771463959110313
mpg,24.0,1.3771463959110313
mpg,24.0,1.3771463959110313
mpg,24.0,1.3771463959110313
mpg,24.0,1.3771463959110313
mpg,24.0,1.3771463959110313
mpg,24.200001,1.379938104118343
mpg,24.299999,1.3813706738594382
mpg,24.5,1.3843627714330498
mpg,24.5,1.3843627714330498
mpg,25.0,1.3930575886301837
mpg,25.0,1.3930575886301837
mpg,25.0,1.3930575886301837
mpg,25.0,1.3930575886301837
mpg,25.0,1.3930575886301837
mpg,25.0,1.3930575886301837
mpg,25.0,1.3930575886301837
mpg,25.0,1.3930575886301837
mpg,25.0,1.3930575886301837
mpg,25.0,1.3930575886301837
mpg,25.0,1.3930575886301837
mpg,25.1,1.3950800335238027
mpg,25.4,1.4018608769443814
mpg,25.4,1.4018608769443814
mpg,25.5,1.4043814537592105
mpg,25.5,1.4043814537592105
mpg,25.799999,1.4128004061604147
mpg,26.0,1.4191667019169645
mpg,26.0,1.4191667019169645
mpg,26.0,1.4191667019169645
mpg,26.0,1.4191667019169645
mpg,26.0,1.4191667019169645
mpg,26.0,1.4191667019169645
mpg,26.0,1.4191667019169645
mpg,26.0,1.4191667019169645
mpg,26.0,1.4191667019169645
mpg,26.0,1.4191667019169645
mpg,26.0,1.4191667019169645
mpg,26.0,1.4191667019169645
mpg,26.0,1.4191667019169645
mpg,26.4,1.4337857397895066
mpg,26.5,1.4378358882349984
mpg,26.6,1.4420422726703919
mpg,26.6,1.4420422726703919
mpg,26.799999,1.4509146827132389
mpg,27.0,1.4603790867902302
mpg,27.0,1.4603790867902302
mpg,27.0,1.4603790867902302
mpg,27.0,1.4603790867902302
mpg,27.0,1.4603790867902302
mpg,27.0,1.4603790867902302
mpg,27.0,1.4603790867902302
mpg,27.0,1.4603790867902302
mpg,27.0,1.4603790867902302
mpg,27.200001,1.47040252470174
mpg,27.200001,1.47040252470174
mpg,27.200001,1.47040252470174
mpg,27.4,1.4809443308488504
mpg,27.5,1.4863952414573651
mpg,27.9,1.5092481516509857
mpg,28.0,1.5151894370024934
mpg,28.0,1.5151894370024934
mpg,28.0,1.5151894370024934
mpg,28.0,1.5151894370024934
mpg,28.0,1.5151894370024934
mpg,28.0,1.5151894370024934
mpg,28.0,1.5151894370024934
mpg,28.0,1.5151894370024934
mpg,28.0,1.5151894370024934
mpg,28.0,1.5151894370024934
mpg,28.1,1.521207884964024
mpg,28.4,1.5396560815860303
mpg,28.799999,1.5649210159009337
mpg,29.0,1.5777312142563273
mpg,29.0,1.5777312142563273
mpg,29.0,1.5777312142563273
mpg,29.0,1.5777312142563273
mpg,29.0,1.5777312142563273
mpg,29.0,1.5777312142563273
mpg,29.0,1.5777312142563273
mpg,29.0,1.5777312142563273
mpg,29.5,1.60997696332394
mpg,29.5,1.60997696332394
mpg,29.799999,1.629361203434305
mpg,29.799999,1.629361203434305
mpg,29.9,1.6358211063843806
mpg,30.0,1.6422804412754017
mpg,30.0,1.6422804412754017
mpg,30.0,1.6422804412754017
mpg,30.0,1.6422804412754017
mpg,30.0,1.6422804412754017
mpg,30.0,1.6422804412754017
mpg,30.0,1.6422804412754017
mpg,30.5,1.6746251999749924
mpg,30.5,1.6746251999749924
mpg,30.9,1.7007374474012236
mpg,31.0,1.7073330895349033
mpg,31.0,1.7073330895349033
mpg,31.0,1.7073330895349033
mpg,31.0,1.7073330895349033
mpg,31.0,1.7073330895349033
mpg,31.0,1.7073330895349033
mpg,31.0,1.7073330895349033
mpg,31.299999,1.7273660740898333
mpg,31.5,1.7409844007766726
mpg,31.5,1.7409844007766726
mpg,31.6,1.7478903978349436
mpg,31.799999,1.761926659748356
mpg,31.9,1.7690693088897993
mpg,32.0,1.776302922069208
mpg,32.0,1.776302922069208
mpg,32.0,1.776302922069208
mpg,32.0,1.776302922069208
mpg,32.0,1.776302922069208
mpg,32.0,1.776302922069208
mpg,32.099998,1.7836334044974311
mpg,32.200001,1.791067159099211
mpg,32.400002,1.806265964516032
mpg,32.400002,1.806265964516032
mpg,32.700001,1.8299756514404173
mpg,32.799999,1.8381428337793606
mpg,32.900002,1.8464507833367039
mpg,33.0,1.8549034387495877
mpg,33.0,1.8549034387495877
mpg,33.0,1.8549034387495877
mpg,33.5,1.8995027540864275
mpg,33.5,1.8995027540864275
mpg,33.5,1.8995027540864275
mpg,33.700001,1.9185128559050901
mpg,33.799999,1.9282851652179034
mpg,34.0,1.9483860037861835
mpg,34.0,1.9483860037861835
mpg,34.099998,1.958722413504818
mpg,34.099998,1.958722413504818
mpg,34.200001,1.9692558672521605
mpg,34.299999,1.9799896809969124
mpg,34.400002,1.9909294017340384
mpg,34.5,2.002078528702338
mpg,34.5,2.002078528702338
mpg,34.700001,2.0250262638498366
mpg,35.0,2.0611453189623448
mpg,35.0,2.0611453189623448
mpg,35.099998,2.0736587671660756
mpg,35.700001,2.154122913796149
mpg,36.0,2.198092753665264
mpg,36.0,2.198092753665264
mpg,36.0,2.198092753665264
mpg,36.0,2.198092753665264
mpg,36.0,2.198092753665264
mpg,36.0,2.198092753665264
mpg,36.099998,2.2133454326752644
mpg,36.099998,2.2133454326752644
mpg,36.400002,2.260982664303467
mpg,37.0,2.3652255132173665
mpg,37.0,2.3652255132173665
mpg,37.0,2.3652255132173665
mpg,37.200001,2.4027728360297878
mpg,37.299999,2.4220863688803917
mpg,37.700001,2.5029752097962206
mpg,38.0,2.5674322108163765
mpg,38.0,2.5674322108163765
mpg,38.0,2.5674322108163765
mpg,38.0,2.5674322108163765
mpg,38.099998,2.5896231597682924
mpg,39.0,2.803629731756331
mpg,39.099998,2.828757437623941
mpg,39.400002,2.9052946877888934
mpg,40.799999,3.26642103852986
mpg,40.900002,3.2911440275954376
mpg,41.5,3.4325483106484587
mpg,43.099998,3.7449627326061576
mpg,43.400002,3.7969353390141904
mpg,44.0,3.9025845573438303
mpg,44.299999,3.9585039849530252
mpg,44.599998,4.017908326241146
mpg,46.599998,4.562848100533575
displacement,68.0,1.3147592568134785
displacement,70.0,1.2647303783868924
displacement,70.0,1.2647303783868924
displacement,70.0,1.2647303783868924
displacement,71.0,1.2407406123846978
displacement,71.0,1.2407406123846978
displacement,72.0,1.2174304534848879
displacement,76.0,1.1309311522348204
displacement,78.0,1.091686475767544
displacement,79.0,1.0730550398106662
displacement,79.0,1.0730550398106662
displacement,79.0,1.0730550398106662
displacement,79.0,1.0730550398106662
displacement,79.0,1.0730550398106662
displacement,79.0,1.0730550398106662
displacement,80.0,1.055080116830934
displacement,81.0,1.0377585694931464
displacement,83.0,1.0050627656024183
displacement,85.0,0.9749413765355076
displacement,85.0,0.9749413765355076
displacement,85.0,0.9749413765355076
displacement,85.0,0.9749413765355076
displacement,85.0,0.9749413765355076
displacement,85.0,0.9749413765355076
displacement,85.0,0.9749413765355076
displacement,85.0,0.9749413765355076
displacement,86.0,0.9608376284759343
displacement,86.0,0.9608376284759343
displacement,86.0,0.9608376284759343
displacement,86.0,0.9608376284759343
displacement,88.0,0.9345265905757276
displacement,89.0,0.9223121481442701
displacement,89.0,0.9223121481442701
displacement,89.0,0.9223121481442701
displacement,89.0,0.9223121481442701
displacement,89.0,0.9223121481442701
displacement,90.0,0.9107202216550105
displacement,90.0,0.9107202216550105
displacement,90.0,0.9107202216550105
displacement,90.0,0.9107202216550105
displacement,90.0,0.9107202216550105
displacement,90.0,0.9107202216550105
displacement,90.0,0.9107202216550105
displacement,90.0,0.9107202216550105
displacement,91.0,0.8997470843429407
displacement,91.0,0.8997470843429407
displacement,91.0,0.8997470843429407
displacement,91.0,0.8997470843429407
displacement,91.0,0.8997470843429407
displacement,91.0,0.8997470843429407
displacement,91.0,0.8997470843429407
displacement,91.0,0.8997470843429407
displacement,91.0,0.8997470843429407
displacement,91.0,0.8997470843429407
displacement,91.0,0.8997470843429407
displacement,91.0,0.8997470843429407
displacement,96.0,0.854028530435789
displacement,97.0,0.8466864435473638
displacement,97.0,0.8466864435473638
displacement,97.0,0.8466864435473638
displacement,97.0,0.8466864435473638
displacement,97.0,0.8466864435473638
displacement,97.0,0.8466864435473638
displacement,97.0,0.8466864435473638
displacement,97.0,0.8466864435473638
displacement,97.0,0.8466864435473638
displacement,97.0,0.8466864435473638
displacement,97.0,0.8466864435473638
displacement,97.0,0.8466864435473638
displacement,97.0,0.8466864435473638
displacement,97.0,0.8466864435473638
displacement,97.0,0.8466864435473638
displacement,97.0,0.8466864435473638
displacement,97.0,0.8466864435473638
displacement,97.0,0.8466864435473638
displacement,97.0,0.8466864435473638
displacement,97.0,0.8466864435473638
displacement,97.5,0.8432372813426723
displacement,98.0,0.8399353402774775
displacement,98.0,0.8399353402774775
displacement,98.0,0.8399353402774775
displacement,98.0,0.8399353402774775
displacement,98.0,0.8399353402774775
displacement,98.0,0.8399353402774775
displacement,98.0,0.8399353402774775
displacement,98.0,0.8399353402774775
displacement,98.0,0.8399353402774775
displacement,98.0,0.8399353402774775
displacement,98.0,0.8399353402774775
displacement,98.0,0.8399353402774775
displacement,98.0,0.8399353402774775
displacement,98.0,0.8399353402774775
displacement,98.0,0.8399353402774775
displacement,98.0,0.8399353402774775
displacement,98.0,0.8399353402774775
displacement,98.0,0.8399353402774775
displacement,100.0,0.828189133176319
displacement,101.0,0.8231853937426796
displacement,104.0,0.811598453931667
displacement,105.0,0.8088624089991726
displacement,105.0,0.8088624089991726
displacement,105.0,0.8088624089991726
displacement,105.0,0.8088624089991726
displacement,105.0,0.8088624089991726
displacement,105.0,0.8088624089991726
displacement,105.0,0.8088624089991726
displacement,107.0,0.8050517243650587
displacement,107.0,0.8050517243650587
displacement,107.0,0.8050517243650587
displacement,107.0,0.8050517243650587
displacement,107.0,0.8050517243650587
displacement,108.0,0.8039675078581745
displacement,108.0,0.8039675078581745
displacement,108.0,0.8039675078581745
displacement,108.0,0.8039675078581745
displacement,110.0,0.803416840956318
displacement,111.0,0.8039403713958135
displacement,112.0,0.8049896684115246
displacement,112.0,0.8049896684115246
displacement,112.0,0.8049896684115246
displacement,112.0,0.8049896684115246
displacement,113.0,0.8065595238655741
displacement,113.0,0.8065595238655741
displacement,113.0,0.8065595238655741
displacement,114.0,0.8086446453514612
displacement,115.0,0.8112396530075676
displacement,116.0,0.8143390759743342
displacement,116.0,0.8143390759743342
displacement,116.0,0.8143390759743342
displacement,116.0,0.8143390759743342
displacement,119.0,0.8266076777625909
displacement,119.0,0.8266076777625909
displacement,119.0,0.8266076777625909
displacement,119.0,0.8266076777625909
displacement,119.0,0.8266076777625909
displacement,119.0,0.8266076777625909
displacement,120.0,0.8316680870371082
displacement,120.0,0.8316680870371082
displacement,120.0,0.8316680870371082
displacement,120.0,0.8316680870371082
displacement,120.0,0.8316680870371082
displacement,120.0,0.8316680870371082
displacement,120.0,0.8316680870371082
displacement,120.0,0.8316680870371082
displacement,120.0,0.8316680870371082
displacement,121.0,0.8372040397484117
displacement,121.0,0.8372040397484117
displacement,121.0,0.8372040397484117
displacement,121.0,0.8372040397484117
displacement,121.0,0.8372040397484117
displacement,121.0,0.8372040397484117
displacement,121.0,0.8372040397484117
displacement,121.0,0.8372040397484117
displacement,121.0,0.8372040397484117
displacement,121.0,0.8372040397484117
displacement,121.0,0.8372040397484117
displacement,122.0,0.8432094209987658
displacement,122.0,0.8432094209987658
displacement,122.0,0.8432094209987658
displacement,122.0,0.8432094209987658
displacement,122.0,0.8432094209987658
displacement,122.0,0.8432094209987658
displacement,122.0,0.8432094209987658
displacement,130.0,0.9073720252572873
displacement,131.0,0.9173031551490552
displacement,134.0,0.9494627056568926
displacement,134.0,0.9494627056568926
displacement,134.0,0.9494627056568926
displacement,134.0,0.9494627056568926
displacement,135.0,0.9609435924158435
displacement,135.0,0.9609435924158435
displacement,135.0,0.9609435924158435
displacement,135.0,0.9609435924158435
displacement,135.0,0.9609435924158435
displacement,140.0,1.0236502791045485
displacement,140.0,1.0236502791045485
displacement,140.0,1.0236502791045485
displacement,140.0,1.0236502791045485
displacement,140.0,1.0236502791045485
displacement,140.0,1.0236502791045485
displacement,140.0,1.0236502791045485
displacement,140.0,1.0236502791045485
displacement,140.0,1.0236502791045485
displacement,140.0,1.0236502791045485
displacement,140.0,1.0236502791045485
displacement,140.0,1.0236502791045485
displacement,140.0,1.0236502791045485
displacement,140.0,1.0236502791045485
displacement,140.0,1.0236502791045485
displacement,140.0,1.0236502791045485
displacement,141.0,1.0371833559459147
displacement,141.0,1.0371833559459147
displacement,144.0,1.079572637233505
displacement,146.0,1.1092048121314597
displacement,146.0,1.1092048121314597
displacement,146.0,1.1092048121314597
displacement,151.0,1.1873165509973154
displacement,151.0,1.1873165509973154
displacement,151.0,1.1873165509973154
displacement,151.0,1.1873165509973154
displacement,151.0,1.1873165509973154
displacement,151.0,1.1873165509973154
displacement,151.0,1.1873165509973154
displacement,151.0,1.1873165509973154
displacement,151.0,1.1873165509973154
displacement,151.0,1.1873165509973154
displacement,155.0,1.2529510031323003
displacement,156.0,1.2696549975721674
displacement,156.0,1.2696549975721674
displacement,156.0,1.2696549975721674
displacement,156.0,1.2696549975721674
displacement,156.0,1.2696549975721674
displacement,156.0,1.2696549975721674
displacement,163.0,1.387690006608453
displacement,163.0,1.387690006608453
displacement,168.0,1.4703029180982965
displacement,168.0,1.4703029180982965
displacement,168.0,1.4703029180982965
displacement,171.0,1.5177494970471679
displacement,173.0,1.548079111479709
displacement,173.0,1.548079111479709
displacement,173.0,1.548079111479709
displacement,181.0,1.6548366981411926
displacement,183.0,1.6770429123596975
displacement,198.0,1.7749786173917854
displacement,198.0,1.7749786173917854
displacement,198.0,1.7749786173917854
displacement,199.0,1.7773035026672572
displacement,199.0,1.7773035026672572
displacement,200.0,1.7791694685954726
displacement,200.0,1.7791694685954726
displacement,200.0,1.7791694685954726
displacement,200.0,1.7791694685954726
displacement,200.0,1.7791694685954726
displacement,200.0,1.7791694685954726
displacement,200.0,1.7791694685954726
displacement,200.0,1.7791694685954726
displacement,225.0,1.7451886847679121
displacement,225.0,1.7451886847679121
displacement,225.0,1.7451886847679121
displacement,225.0,1.7451886847679121
displacement,225.0,1.7451886847679121
displacement,225.0,1.7451886847679121
displacement,225.0,1.7451886847679121
displacement,225.0,1.7451886847679121
displacement,225.0,1.7451886847679121
displacement,225.0,1.7451886847679121
displacement,225.0,1.7451886847679121
displacement,225.0,1.7451886847679121
displacement,225.0,1.7451886847679121
displacement,231.0,1.7362761726592515
displacement,231.0,1.7362761726592515
displacement,231.0,1.7362761726592515
displacement,231.0,1.7362761726592515
displacement,231.0,1.7362761726592515
displacement,231.0,1.7362761726592515
displacement,231.0,1.7362761726592515
displacement,231.0,1.7362761726592515
displacement,232.0,1.7353833551439402
displacement,232.0,1.7353833551439402
displacement,232.0,1.7353833551439402
displacement,232.0,1.7353833551439402
displacement,232.0,1.7353833551439402
displacement,232.0,1.7353833551439402
displacement,232.0,1.7353833551439402
displacement,232.0,1.7353833551439402
displacement,232.0,1.7353833551439402
displacement,232.0,1.7353833551439402
displacement,232.0,1.7353833551439402
displacement,250.0,1.7532332598517184
displacement,250.0,1.7532332598517184
displacement,250.0,1.7532332598517184
displacement,250.0,1.7532332598517184
displacement,250.0,1.7532332598517184
displacement,250.0,1.7532332598517184
displacement,250.0,1.7532332598517184
displacement,250.0,1.7532332598517184
displacement,250.0,1.7532332598517184
displacement,250.0,1.7532332598517184
displacement,250.0,1.7532332598517184
displacement,250.0,1.7532332598517184
displacement,250.0,1.7532332598517184
displacement,250.0,1.7532332598517184
displacement,250.0,1.7532332598517184
displacement,250.0,1.7532332598517184
displacement,250.0,1.7532332598517184
displacement,258.0,1.7773680156852842
displacement,258.0,1.7773680156852842
displacement,258.0,1.7773680156852842
displacement,258.0,1.7773680156852842
displacement,258.0,1.7773680156852842
displacement,260.0,1.7839824509924669
displacement,260.0,1.7839824509924669
displacement,260.0,1.7839824509924669
displacement,262.0,1.7906006257215652
displacement,262.0,1.7906006257215652
displacement,267.0,1.8063991142829148
displacement,302.0,1.8155936391369853
displacement,302.0,1.8155936391369853
displacement,302.0,1.8155936391369853
displacement,302.0,1.8155936391369853
displacement,302.0,1.8155936391369853
displacement,302.0,1.8155936391369853
displacement,302.0,1.8155936391369853
displacement,302.0,1.8155936391369853
displacement,302.0,1.8155936391369853
displacement,302.0,1.8155936391369853
displacement,302.0,1.8155936391369853
displacement,304.0,1.8122186966113567
displacement,304.0,1.8122186966113567
displacement,304.0,1.8122186966113567
displacement,304.0,1.8122186966113567
displacement,304.0,1.8122186966113567
displacement,304.0,1.8122186966113567
displacement,304.0,1.8122186966113567
displacement,305.0,1.8105773202359692
displacement,305.0,1.8105773202359692
displacement,305.0,1.8105773202359692
displacement,305.0,1.8105773202359692
displacement,307.0,1.8074530329802734
displacement,307.0,1.8074530329802734
displacement,307.0,1.8074530329802734
displacement,318.0,1.7980648922008342
displacement,318.0,1.7980648922008342
displacement,318.0,1.7980648922008342
displacement,318.0,1.7980648922008342
displacement,318.0,1.7980648922008342
displacement,318.0,1.7980648922008342
displacement,318.0,1.7980648922008342
displacement,318.0,1.7980648922008342
displacement,318.0,1.7980648922008342
displacement,318.0,1.7980648922008342
displacement,318.0,1.7980648922008342
displacement,318.0,1.7980648922008342
displacement,318.0,1.7980648922008342
displacement,318.0,1.7980648922008342
displacement,318.0,1.7980648922008342
displacement,318.0,1.7980648922008342
displacement,318.0,1.7980648922008342
displacement,340.0,1.853546034389183
displacement,350.0,1.9193416626069688
displacement,350.0,1.9193416626069688
displacement,350.0,1.9193416626069688
displacement,350.0,1.9193416626069688
displacement,350.0,1.9193416626069688
displacement,350.0,1.9193416626069688
displacement,350.0,1.9193416626069688
displacement,350.0,1.9193416626069688
displacement,350.0,1.9193416626069688
displacement,350.0,1.9193416626069688
displacement,350.0,1.9193416626069688
displacement,350.0,1.9193416626069688
displacement,350.0,1.9193416626069688
displacement,350.0,1.9193416626069688
displacement,350.0,1.9193416626069688
displacement,350.0,1.9193416626069688
displacement,350.0,1.9193416626069688
displacement,350.0,1.9193416626069688
displacement,351.0,1.927288621696734
displacement,351.0,1.927288621696734
displacement,351.0,1.927288621696734
displacement,351.0,1.927288621696734
displacement,351.0,1.927288621696734
displacement,351.0,1.927288621696734
displacement,351.0,1.927288621696734
displacement,351.0,1.927288621696734
displacement,360.0,2.0090481162502005
displacement,360.0,2.0090481162502005
displacement,360.0,2.0090481162502005
displacement,360.0,2.0090481162502005
displacement,383.0,2.2823756483616084
displacement,383.0,2.2823756483616084
displacement,390.0,2.377018478197082
displacement,400.0,2.517417315710818
displacement,400.0,2.517417315710818
displacement,400.0,2.517417315710818
displacement,400.0,2.517417315710818
displacement,400.0,2.517417315710818
displacement,400.0,2.517417315710818
displacement,400.0,2.517417315710818
displacement,400.0,2.517417315710818
displacement,400.0,2.517417315710818
displacement,400.0,2.517417315710818
displacement,400.0,2.517417315710818
displacement,400.0,2.517417315710818
displacement,400.0,2.517417315710818
displacement,429.0,2.96653803731366
displacement,429.0,2.96653803731366
displacement,429.0,2.96653803731366
displacement,440.0,3.167751570730875
displacement,440.0,3.167751570730875
displacement,454.0,3.4679536782020035
displacement,455.0,3.491789652698249
displacement,455.0,3.491789652698249
displacement,455.0,3.491789652698249
horsepower,46.0,2.427270842586215
horsepower,46.0,2.427270842586215
horsepower,48.0,2.2528251405254167
horsepower,48.0,2.2528251405254167
horsepower,48.0,2.2528251405254167
horsepower,49.0,2.1698656370604454
horsepower,52.0,1.9378787783455285
horsepower,52.0,1.9378787783455285
horsepower,52.0,1.9378787783455285
horsepower,52.0,1.9378787783455285
horsepower,53.0,1.8661494318667633
horsepower,53.0,1.8661494318667633
horsepower,54.0,1.7972063912563532
horsepower,58.0,1.5490796913990101
horsepower,58.0,1.5490796913990101
horsepower,60.0,1.4413607683785181
horsepower,60.0,1.4413607683785181
horsepower,60.0,1.4413607683785181
horsepower,60.0,1.4413607683785181
horsepower,60.0,1.4413607683785181
horsepower,61.0,1.3914951516308307
horsepower,62.0,1.3442426539212244
horsepower,62.0,1.3442426539212244
horsepower,63.0,1.2995590430617228
horsepower,63.0,1.2995590430617228
horsepower,63.0,1.2995590430617228
horsepower,63.0,1.2995590430617228
horsepower,64.0,1.2573944948818385
horsepower,65.0,1.2176939225474857
horsepower,65.0,1.2176939225474857
horsepower,65.0,1.2176939225474857
horsepower,65.0,1.2176939225474857
horsepower,65.0,1.2176939225474857
horsepower,65.0,1.2176939225474857
horsepower,65.0,1.2176939225474857
horsepower,65.0,1.2176939225474857
horsepower,65.0,1.2176939225474857
horsepower,65.0,1.2176939225474857
horsepower,65.0,1.2176939225474857
horsepower,66.0,1.1803974955635217
horsepower,67.0,1.1454413410614743
horsepower,67.0,1.1454413410614743
horsepower,67.0,1.1454413410614743
horsepower,67.0,1.1454413410614743
horsepower,67.0,1.1454413410614743
horsepower,67.0,1.1454413410614743
horsepower,67.0,1.1454413410614743
horsepower,67.0,1.1454413410614743
horsepower,67.0,1.1454413410614743
horsepower,67.0,1.1454413410614743
horsepower,67.0,1.1454413410614743
horsepower,68.0,1.1127584141239801
horsepower,68.0,1.1127584141239801
horsepower,68.0,1.1127584141239801
horsepower,68.0,1.1127584141239801
horsepower,68.0,1.1127584141239801
horsepower,68.0,1.1127584141239801
horsepower,69.0,1.0822795176423745
horsepower,69.0,1.0822795176423745
horsepower,69.0,1.0822795176423745
horsepower,70.0,1.0539344457516322
horsepower,70.0,1.0539344457516322
horsepower,70.0,1.0539344457516322
horsepower,70.0,1.0539344457516322
horsepower,70.0,1.0539344457516322
horsepower,70.0,1.0539344457516322
horsepower,70.0,1.0539344457516322
horsepower,70.0,1.0539344457516322
horsepower,70.0,1.0539344457516322
horsepower,70.0,1.0539344457516322
horsepower,70.0,1.0539344457516322
horsepower,70.0,1.0539344457516322
horsepower,71.0,1.0276532185496576
horsepower,71.0,1.0276532185496576
horsepower,71.0,1.0276532185496576
horsepower,71.0,1.0276532185496576
horsepower,71.0,1.0276532185496576
horsepower,72.0,1.0033673699926124
horsepower,72.0,1.0033673699926124
horsepower,72.0,1.0033673699926124
horsepower,72.0,1.0033673699926124
horsepower,72.0,1.0033673699926124
horsepower,72.0,1.0033673699926124
horsepower,74.0,0.9605232668032542
horsepower,74.0,0.9605232668032542
horsepower,74.0,0.9605232668032542
horsepower,75.0,0.9418471051032157
horsepower,75.0,0.9418471051032157
horsepower,75.0,0.9418471051032157
horsepower,75.0,0.9418471051032157
horsepower,75.0,0.9418471051032157
horsepower,75.0,0.9418471051032157
horsepower,75.0,0.9418471051032157
horsepower,75.0,0.9418471051032157
horsepower,75.0,0.9418471051032157
horsepower,75.0,0.9418471051032157
horsepower,75.0,0.9418471051032157
horsepower,75.0,0.9418471051032157
horsepower,75.0,0.9418471051032157
horsepower,75.0,0.9418471051032157
horsepower,76.0,0.9249327348335463
horsepower,76.0,0.9249327348335463
horsepower,76.0,0.9249327348335463
horsepower,77.0,0.9097373060917474
horsepower,78.0,0.8962258101716987
horsepower,78.0,0.8962258101716987
horsepower,78.0,0.8962258101716987
horsepower,78.0,0.8962258101716987
horsepower,78.0,0.8962258101716987
horsepower,78.0,0.8962258101716987
horsepower,79.0,0.8843715059998306
horsepower,79.0,0.8843715059998306
horsepower,80.0,0.8741560899716844
horsepower,80.0,0.8741560899716844
horsepower,80.0,0.8741560899716844
horsepower,80.0,0.8741560899716844
horsepower,80.0,0.8741560899716844
horsepower,80.0,0.8741560899716844
horsepower,80.0,0.8741560899716844
horsepower,81.0,0.8655696027452437
horsepower,81.0,0.8655696027452437
horsepower,82.0,0.8586100785670571
horsepower,83.0,0.853282954287023
horsepower,83.0,0.853282954287023
horsepower,83.0,0.853282954287023
horsepower,83.0,0.853282954287023
horsepower,84.0,0.8496002655351046
horsepower,84.0,0.8496002655351046
horsepower,84.0,0.8496002655351046
horsepower,84.0,0.8496002655351046
horsepower,84.0,0.8496002655351046
horsepower,84.0,0.8496002655351046
horsepower,85.0,0.8475796658896724
horsepower,85.0,0.8475796658896724
horsepower,85.0,0.8475796658896724
horsepower,85.0,0.8475796658896724
horsepower,85.0,0.8475796658896724
horsepower,85.0,0.8475796658896724
horsepower,85.0,0.8475796658896724
horsepower,85.0,0.8475796658896724
horsepower,85.0,0.8475796658896724
horsepower,86.0,0.8472433107560191
horsepower,86.0,0.8472433107560191
horsepower,86.0,0.8472433107560191
horsepower,86.0,0.8472433107560191
horsepower,86.0,0.8472433107560191
horsepower,87.0,0.8486166508196299
horsepower,87.0,0.8486166508196299
horsepower,88.0,0.8517271803055115
horsepower,88.0,0.8517271803055115
horsepower,88.0,0.8517271803055115
horsepower,88.0,0.8517271803055115
horsepower,88.0,0.8517271803055115
horsepower,88.0,0.8517271803055115
horsepower,88.0,0.8517271803055115
horsepower,88.0,0.8517271803055115
horsepower,88.0,0.8517271803055115
horsepower,88.0,0.8517271803055115
horsepower,88.0,0.8517271803055115
horsepower,88.0,0.8517271803055115
horsepower,88.0,0.8517271803055115
horsepower,88.0,0.8517271803055115
horsepower,88.0,0.8517271803055115
horsepower,88.0,0.8517271803055115
horsepower,88.0,0.8517271803055115
horsepower,88.0,0.8517271803055115
horsepower,88.0,0.8517271803055115
horsepower,88.0,0.8517271803055115
horsepower,89.0,0.8566031830421625
horsepower,90.0,0.8632725148474739
horsepower,90.0,0.8632725148474739
horsepower,90.0,0.8632725148474739
horsepower,90.0,0.8632725148474739
horsepower,90.0,0.8632725148474739
horsepower,90.0,0.8632725148474739
horsepower,90.0,0.8632725148474739
horsepower,90.0,0.8632725148474739
horsepower,90.0,0.8632725148474739
horsepower,90.0,0.8632725148474739
horsepower,90.0,0.8632725148474739
horsepower,90.0,0.8632725148474739
horsepower,90.0,0.8632725148474739
horsepower,90.0,0.8632725148474739
horsepower,90.0,0.8632725148474739
horsepower,90.0,0.8632725148474739
horsepower,90.0,0.8632725148474739
horsepower,90.0,0.8632725148474739
horsepower,90.0,0.8632725148474739
horsepower,90.0,0.8632725148474739
horsepower,90.0,0.8632725148474739
horsepower,91.0,0.8717614544874703
horsepower,91.0,0.8717614544874703
horsepower,92.0,0.8820936479227304
horsepower,92.0,0.8820936479227304
horsepower,92.0,0.8820936479227304
horsepower,92.0,0.8820936479227304
horsepower,92.0,0.8820936479227304
horsepower,92.0,0.8820936479227304
horsepower,94.0,0.9083636572771315
horsepower,95.0,0.9243276738027638
horsepower,95.0,0.9243276738027638
horsepower,95.0,0.9243276738027638
horsepower,95.0,0.9243276738027638
horsepower,95.0,0.9243276738027638
horsepower,95.0,0.9243276738027638
horsepower,95.0,0.9243276738027638
horsepower,95.0,0.9243276738027638
horsepower,95.0,0.9243276738027638
horsepower,95.0,0.9243276738027638
horsepower,95.0,0.9243276738027638
horsepower,95.0,0.9243276738027638
horsepower,95.0,0.9243276738027638
horsepower,95.0,0.9243276738027638
horsepower,96.0,0.9421860304158461
horsepower,96.0,0.9421860304158461
horsepower,96.0,0.9421860304158461
horsepower,97.0,0.9619373122703831
horsepower,97.0,0.9619373122703831
horsepower,97.0,0.9619373122703831
horsepower,97.0,0.9619373122703831
horsepower,97.0,0.9619373122703831
horsepower,97.0,0.9619373122703831
horsepower,97.0,0.9619373122703831
horsepower,97.0,0.9619373122703831
horsepower,97.0,0.9619373122703831
horsepower,98.0,0.9835734295557279
horsepower,98.0,0.9835734295557279
horsepower,100.0,1.03243204507325
horsepower,100.0,1.03243204507325
horsepower,100.0,1.03243204507325
horsepower,100.0,1.03243204507325
horsepower,100.0,1.03243204507325
horsepower,100.0,1.03243204507325
horsepower,100.0,1.03243204507325
horsepower,100.0,1.03243204507325
horsepower,100.0,1.03243204507325
horsepower,100.0,1.03243204507325
horsepower,100.0,1.03243204507325
horsepower,100.0,1.03243204507325
horsepower,100.0,1.03243204507325
horsepower,100.0,1.03243204507325
horsepower,100.0,1.03243204507325
horsepower,100.0,1.03243204507325
horsepower,100.0,1.03243204507325
horsepower,102.0,1.0885483942714087
horsepower,103.0,1.1192252040970225
horsepower,105.0,1.185527684157429
horsepower,105.0,1.185527684157429
horsepower,105.0,1.185527684157429
horsepower,105.0,1.185527684157429
horsepower,105.0,1.185527684157429
horsepower,105.0,1.185527684157429
horsepower,105.0,1.185527684157429
horsepower,105.0,1.185527684157429
horsepower,105.0,1.185527684157429
horsepower,105.0,1.185527684157429
horsepower,105.0,1.185527684157429
horsepower,105.0,1.185527684157429
horsepower,107.0,1.257915275462455
horsepower,108.0,1.2961496666236187
horsepower,110.0,1.3760809668557588
horsepower,110.0,1.3760809668557588
horsepower,110.0,1.3760809668557588
horsepower,110.0,1.3760809668557588
horsepower,110.0,1.3760809668557588
horsepower,110.0,1.3760809668557588
horsepower,110.0,1.3760809668557588
horsepower,110.0,1.3760809668557588
horsepower,110.0,1.3760809668557588
horsepower,110.0,1.3760809668557588
horsepower,110.0,1.3760809668557588
horsepower,110.0,1.3760809668557588
horsepower,110.0,1.3760809668557588
horsepower,110.0,1.3760809668557588
horsepower,110.0,1.3760809668557588
horsepower,110.0,1.3760809668557588
horsepower,110.0,1.3760809668557588
horsepower,110.0,1.3760809668557588
horsepower,112.0,1.4595836429177151
horsepower,112.0,1.4595836429177151
horsepower,112.0,1.4595836429177151
horsepower,113.0,1.5021996607635097
horsepower,115.0,1.58799548879313
horsepower,115.0,1.58799548879313
horsepower,115.0,1.58799548879313
horsepower,115.0,1.58799548879313
horsepower,115.0,1.58799548879313
horsepower,116.0,1.6306301591250942
horsepower,120.0,1.7919187048161256
horsepower,120.0,1.7919187048161256
horsepower,120.0,1.7919187048161256
horsepower,120.0,1.7919187048161256
horsepower,122.0,1.8620124988161166
horsepower,125.0,1.9461720045551327
horsepower,125.0,1.9461720045551327
horsepower,125.0,1.9461720045551327
horsepower,129.0,2.0099573917598756
horsepower,129.0,2.0099573917598756
horsepower,130.0,2.016970674397157
horsepower,130.0,2.016970674397157
horsepower,130.0,2.016970674397157
horsepower,130.0,2.016970674397157
horsepower,130.0,2.016970674397157
horsepower,132.0,2.0214190276597868
horsepower,133.0,2.0194742490093196
horsepower,135.0,2.0091761060490843
horsepower,137.0,1.9932260360087497
horsepower,138.0,1.984237049131164
horsepower,139.0,1.9751406451828226
horsepower,139.0,1.9751406451828226
horsepower,140.0,1.9663347189713232
horsepower,140.0,1.9663347189713232
horsepower,140.0,1.9663347189713232
horsepower,140.0,1.9663347189713232
horsepower,140.0,1.9663347189713232
horsepower,140.0,1.9663347189713232
horsepower,140.0,1.9663347189713232
horsepower,142.0,1.9510318235559143
horsepower,145.0,1.9383099778400794
horsepower,145.0,1.9383099778400794
horsepower,145.0,1.9383099778400794
horsepower,145.0,1.9383099778400794
horsepower,145.0,1.9383099778400794
horsepower,145.0,1.9383099778400794
horsepower,145.0,1.9383099778400794
horsepower,148.0,1.9430026477961293
horsepower,149.0,1.9490563234768667
horsepower,150.0,1.95746324306383
horsepower,150.0,1.95746324306383
horsepower,150.0,1.95746324306383
horsepower,150.0,1.95746324306383
horsepower,150.0,1.95746324306383
horsepower,150.0,1.95746324306383
horsepower,150.0,1.95746324306383
horsepower,150.0,1.95746324306383
horsepower,150.0,1.95746324306383
horsepower,150.0,1.95746324306383
horsepower,150.0,1.95746324306383
horsepower,150.0,1.95746324306383
horsepower,150.0,1.95746324306383
horsepower,150.0,1.95746324306383
horsepower,150.0,1.95746324306383
horsepower,150.0,1.95746324306383
horsepower,150.0,1.95746324306383
horsepower,150.0,1.95746324306383
horsepower,150.0,1.95746324306383
horsepower,150.0,1.95746324306383
horsepower,150.0,1.95746324306383
horsepower,150.0,1.95746324306383
horsepower,152.0,1.9813803872487856
horsepower,153.0,1.9968410568316612
horsepower,153.0,1.9968410568316612
horsepower,155.0,2.0344460384882788
horsepower,155.0,2.0344460384882788
horsepower,158.0,2.1059178315132105
horsepower,160.0,2.161908963617731
horsepower,160.0,2.161908963617731
horsepower,165.0,2.3208908349854913
horsepower,165.0,2.3208908349854913
horsepower,165.0,2.3208908349854913
horsepower,165.0,2.3208908349854913
horsepower,167.0,2.3884857849059804
horsepower,170.0,2.4908423376697426
horsepower,170.0,2.4908423376697426
horsepower,170.0,2.4908423376697426
horsepower,170.0,2.4908423376697426
horsepower,170.0,2.4908423376697426
horsepower,175.0,2.660249465150903
horsepower,175.0,2.660249465150903
horsepower,175.0,2.660249465150903
horsepower,175.0,2.660249465150903
horsepower,175.0,2.660249465150903
horsepower,180.0,2.8288937558004648
horsepower,180.0,2.8288937558004648
horsepower,180.0,2.8288937558004648
horsepower,180.0,2.8288937558004648
horsepower,180.0,2.8288937558004648
horsepower,190.0,3.167040301711067
horsepower,190.0,3.167040301711067
horsepower,190.0,3.167040301711067
horsepower,193.0,3.2608361445270058
horsepower,198.0,3.3938829011017115
horsepower,198.0,3.3938829011017115
horsepower,200.0,3.4364393299314004
horsepower,208.0,3.5467456337135017
horsepower,210.0,3.5648138277972015
horsepower,215.0,3.6138629008171264
horsepower,215.0,3.6138629008171264
horsepower,215.0,3.6138629008171264
horsepower,220.0,3.6952986183982466
horsepower,225.0,3.8386928410798675
horsepower,225.0,3.8386928410798675
horsepower,225.0,3.8386928410798675
horsepower,230.0,4.066444615370845
horsepower,335.0,5.9788857649011184
weight,1613.0,2.3696974654419445
weight,1649.0,2.2133683285210575
weight,1755.0,1.8184025545534015
weight,1760.0,1.8021338427068256
weight,1773.0,1.7608128107784522
weight,1795.0,1.6940810145689529
weight,1795.0,1.6940810145689529
weight,1800.0,1.6794712951654243
weight,1800.0,1.6794712951654243
weight,1825.0,1.6094865964319343
weight,1825.0,1.6094865964319343
weight,1834.0,1.5855331440197313
weight,1835.0,1.582911933662255
weight,1835.0,1.582911933662255
weight,1836.0,1.5802987625972178
weight,1845.0,1.5571411882615023
weight,1850.0,1.5445557580000717
weight,1867.0,1.5032509461391725
weight,1875.0,1.4846026485975656
weight,1915.0,1.3988234430509652
weight,1925.0,1.3792935886596531
weight,1937.0,1.356851863977958
weight,1937.0,1.356851863977958
weight,1940.0,1.3514096464752834
weight,1945.0,1.3424879052372858
weight,1950.0,1.3337511912720685
weight,1950.0,1.3337511912720685
weight,1955.0,1.3251986259845496
weight,1963.0,1.3118953121674424
weight,1965.0,1.308642347443869
weight,1965.0,1.308642347443869
weight,1968.0,1.3038173068864407
weight,1970.0,1.3006367964162802
weight,1975.0,1.292811717875801
weight,1975.0,1.292811717875801
weight,1980.0,1.2851661507188186
weight,1985.0,1.2776991163834996
weight,1985.0,1.2776991163834996
weight,1985.0,1.2776991163834996
weight,1985.0,1.2776991163834996
weight,1990.0,1.2704096185360292
weight,1990.0,1.2704096185360292
weight,1995.0,1.263296642760076
weight,2000.0,1.2563591562500465
weight,2003.0,1.252280462555345
weight,2019.0,1.2315783939557703
weight,2020.0,1.2303427863456036
weight,2025.0,1.2242665895891853
weight,2035.0,1.2126196955388928
weight,2045.0,1.201638899565647
weight,2045.0,1.201638899565647
weight,2046.0,1.2005770819848711
weight,2050.0,1.1963952471375006
weight,2051.0,1.1953660970651838
weight,2065.0,1.1816361635304788
weight,2070.0,1.1770361037754116
weight,2074.0,1.173469593782438
weight,2075.0,1.1725936449974643
weight,2085.0,1.1641760556133558
weight,2100.0,1.1526968723335524
weight,2108.0,1.1471257877546397
weight,2110.0,1.1457919300708155
weight,2110.0,1.1457919300708155
weight,2120.0,1.1394712249685246
weight,2123.0,1.1376870888808899
weight,2124.0,1.137103754189417
weight,2125.0,1.1365260869441594
weight,2125.0,1.1365260869441594
weight,2125.0,1.1365260869441594
weight,2126.0,1.1359540743573393
weight,2130.0,1.1337223135768055
weight,2130.0,1.1337223135768055
weight,2130.0,1.1337223135768055
weight,2130.0,1.1337223135768055
weight,2135.0,1.1310582928915756
weight,2144.0,1.1266100011795712
weight,2145.0,1.1261429496815862
weight,2150.0,1.123888291692925
weight,2155.0,1.1217667158441267
weight,2155.0,1.1217667158441267
weight,2155.0,1.1217667158441267
weight,2158.0,1.120556934165368
weight,2160.0,1.1197764998047257
weight,2164.0,1.1182777349726167
weight,2164.0,1.1182777349726167
weight,2171.0,1.1158517869001654
weight,2188.0,1.1109760648513505
weight,2189.0,1.1107329787116664
weight,2190.0,1.1104946565837548
weight,2190.0,1.1104946565837548
weight,2200.0,1.1083701469885137
weight,2202.0,1.1080009038767225
weight,2205.0,1.1074812539037997
weight,2210.0,1.1067053836632659
weight,2215.0,1.1060406015377426
weight,2219.0,1.1055874489133966
weight,2220.0,1.1054849568041898
weight,2220.0,1.1054849568041898
weight,2223.0,1.105203138671284
weight,2226.0,1.1049594753310443
weight,2228.0,1.1048180184283392
weight,2230.0,1.1046932010275272
weight,2234.0,1.1044929728513009
weight,2245.0,1.1042744935858744
weight,2246.0,1.104278270479208
weight,2254.0,1.1044464109088357
weight,2255.0,1.1044844237354747
weight,2264.0,1.104992057480736
weight,2265.0,1.105066549983545
weight,2265.0,1.105066549983545
weight,2265.0,1.105066549983545
weight,2278.0,1.106352627083495
weight,2279.0,1.1064754119144773
weight,2288.0,1.1077280986681366
weight,2290.0,1.1080418266976684
weight,2295.0,1.1088808362327316
weight,2300.0,1.1097963086079905
weight,2300.0,1.1097963086079905
weight,2300.0,1.1097963086079905
weight,2310.0,1.1118483259459766
weight,2320.0,1.1141812844245622
weight,2330.0,1.116778681093928
weight,2335.0,1.1181714227432562
weight,2350.0,1.1227015083293166
weight,2370.0,1.1294883658048844
weight,2372.0,1.130209752987548
weight,2375.0,1.1313054356666903
weight,2379.0,1.1327911053516024
weight,2380.0,1.1331668446417964
weight,2385.0,1.1350707330365641
weight,2395.0,1.13899864184941
weight,2395.0,1.13899864184941
weight,2401.0,1.1414274605602361
weight,2405.0,1.1430748343376773
weight,2408.0,1.1443245246045224
weight,2408.0,1.1443245246045224
weight,2420.0,1.1494370192935526
weight,2430.0,1.153824528691307
weight,2434.0,1.155608834104115
weight,2451.0,1.1633569658015577
weight,2464.0,1.1694373440176162
weight,2472.0,1.173234880019847
weight,2489.0,1.1814201212277498
weight,2490.0,1.1819058102574547
weight,2500.0,1.1867842153868011
weight,2506.0,1.1897279931917581
weight,2511.0,1.1921893628913367
weight,2515.0,1.1941632432884404
weight,2525.0,1.199113817799721
weight,2542.0,1.2075687881436536
weight,2542.0,1.2075687881436536
weight,2545.0,1.2090644738251706
weight,2556.0,1.2145546730129761
weight,2560.0,1.2165528159699295
weight,2565.0,1.219051301554347
weight,2572.0,1.222550080553952
weight,2575.0,1.2240496980285114
weight,2582.0,1.2275487250856905
weight,2585.0,1.2290481594276164
weight,2587.0,1.2300477020521021
weight,2592.0,1.232546202399717
weight,2595.0,1.2340450140312622
weight,2600.0,1.2365424742056452
weight,2605.0,1.239039163397622
weight,2615.0,1.244030042182949
weight,2620.0,1.2465242136527954
weight,2625.0,1.249017575042339
weight,2634.0,1.2535037904881305
weight,2635.0,1.2540021310758491
weight,2635.0,1.2540021310758491
weight,2639.0,1.255995279342226
weight,2640.0,1.256493517991064
weight,2648.0,1.2604789070517834
weight,2660.0,1.2664563684341297
weight,2665.0,1.2689472879582482
weight,2670.0,1.2714386979652594
weight,2670.0,1.2714386979652594
weight,2671.0,1.2719370586061385
weight,2672.0,1.2724354497848942
weight,2678.0,1.2754265449618614
weight,2694.0,1.2834117529917857
weight,2700.0,1.2864108372919145
weight,2702.0,1.287411229448767
weight,2711.0,1.2919179147668705
weight,2720.0,1.2964338183149737
weight,2720.0,1.2964338183149737
weight,2720.0,1.2964338183149737
weight,2725.0,1.2989472120528986
weight,2735.0,1.3039850263206123
weight,2740.0,1.30650995557151
weight,2745.0,1.3090392268936815
weight,2755.0,1.3141117254680874
weight,2774.0,1.323806017103134
weight,2789.0,1.3315171226770224
weight,2790.0,1.332033116899348
weight,2795.0,1.334616785444331
weight,2800.0,1.3372066841407206
weight,2807.0,1.3408431541010124
weight,2815.0,1.345014449544012
weight,2830.0,1.352879974533683
weight,2833.0,1.354459997383482
weight,2835.0,1.3555146163196945
weight,2855.0,1.3661155253070527
weight,2865.0,1.371451813566365
weight,2868.0,1.3730571011003028
weight,2870.0,1.374128384425233
weight,2875.0,1.376810318567623
weight,2890.0,1.3848860622322978
weight,2900.0,1.390292287618054
weight,2901.0,1.3908337879098909
weight,2904.0,1.3924591776877804
weight,2905.0,1.393001262091648
weight,2910.0,1.3957137253260612
weight,2914.0,1.397885984217275
weight,2930.0,1.4065915837626901
weight,2930.0,1.4065915837626901
weight,2933.0,1.408226183021076
weight,2945.0,1.4147689156225607
weight,2945.0,1.4147689156225607
weight,2945.0,1.4147689156225607
weight,2950.0,1.417496167732354
weight,2950.0,1.417496167732354
weight,2957.0,1.421314281694721
weight,2962.0,1.424040886684782
weight,2965.0,1.42567639022036
weight,2979.0,1.433301054659709
weight,2984.0,1.436019819500517
weight,2990.0,1.4392783269687544
weight,3003.0,1.4463198136014719
weight,3012.0,1.451176420315581
weight,3015.0,1.4527914305512653
weight,3021.0,1.4560150931920464
weight,3035.0,1.463500327758872
weight,3039.0,1.4656285829880005
weight,3060.0,1.4767154852777726
weight,3070.0,1.4819386923525095
weight,3085.0,1.4896979905978587
weight,3086.0,1.4902118978497572
weight,3102.0,1.4983741320335735
weight,3121.0,1.5079132782108207
weight,3139.0,1.516790381266019
weight,3140.0,1.5172789211987558
weight,3150.0,1.5221374394679192
weight,3155.0,1.5245484124579505
weight,3158.0,1.525989172867973
weight,3169.0,1.531234920492514
weight,3190.0,1.541092001740131
weight,3193.0,1.5424838660091666
weight,3205.0,1.5480125659158699
weight,3210.0,1.5502985054593343
weight,3211.0,1.5507544872787093
weight,3221.0,1.5552929483232527
weight,3230.0,1.5593459360856514
weight,3233.0,1.5606906598869266
weight,3245.0,1.5660404662583944
weight,3250.0,1.5682567607916251
weight,3264.0,1.5744271991796006
weight,3265.0,1.574866144822815
weight,3270.0,1.5770576526293798
weight,3278.0,1.5805538481634382
weight,3282.0,1.582297769305456
weight,3288.0,1.584909155391393
weight,3302.0,1.590986001315804
weight,3329.0,1.6026768870963974
weight,3336.0,1.6057095974113489
weight,3353.0,1.6130918752593908
weight,3360.0,1.6161420977149628
weight,3365.0,1.6183256647928264
weight,3380.0,1.624905402841047
weight,3381.0,1.6253457936806341
weight,3399.0,1.6333162813383477
weight,3410.0,1.6382323045426532
weight,3410.0,1.6382323045426532
weight,3415.0,1.6404793890901643
weight,3420.0,1.6427347133308607
weight,3425.0,1.6449985421714364
weight,3425.0,1.6449985421714364
weight,3430.0,1.6472711185323738
weight,3432.0,1.6481826485038975
weight,3433.0,1.6486389557633743
weight,3436.0,1.6500100654502659
weight,3439.0,1.6513844881349413
weight,3445.0,1.6541434191569393
weight,3449.0,1.6559902815628913
weight,3459.0,1.6606344049463841
weight,3465.0,1.6634395985572847
weight,3504.0,1.6820171147924632
weight,3520.0,1.6898051068521527
weight,3525.0,1.6922572735634138
weight,3530.0,1.6947177630791623
weight,3535.0,1.6971862759597984
weight,3563.0,1.711141620693205
weight,3570.0,1.7146600066469835
weight,3574.0,1.7166747602591002
weight,3605.0,1.732360985319015
weight,3609.0,1.7343900167371957
weight,3613.0,1.736419148531537
weight,3620.0,1.7399693458500058
weight,3630.0,1.7450360715968714
weight,3632.0,1.746048287686025
weight,3645.0,1.752613845318042
weight,3651.0,1.7556336607669374
weight,3664.0,1.762146070317063
weight,3672.0,1.7661283339505414
weight,3672.0,1.7661283339505414
weight,3693.0,1.7764635120148569
weight,3725.0,1.7917770611034767
weight,3725.0,1.7917770611034767
weight,3730.0,1.794111571073322
weight,3735.0,1.7964283179129688
weight,3755.0,1.805504058778401
weight,3761.0,1.8081629257924696
weight,3777.0,1.8150973017982601
weight,3781.0,1.8167939363279972
weight,3785.0,1.8184752658248615
weight,3820.0,1.8325009562675625
weight,3821.0,1.8328829235588309
weight,3830.0,1.8362722687018396
weight,3840.0,1.8399352752496856
weight,3850.0,1.843489111192571
weight,3870.0,1.8502691030772678
weight,3880.0,1.8534968877826974
weight,3892.0,1.8572306881038851
weight,3897.0,1.858742498347843
weight,3900.0,1.8596374285589652
weight,3907.0,1.8616907794614448
weight,3940.0,1.870756967463211
weight,3940.0,1.870756967463211
weight,3955.0,1.8745798946543806
weight,3962.0,1.8763096118908058
weight,3988.0,1.882487126148685
weight,4042.0,1.8946782352131857
weight,4054.0,1.8974039044753837
weight,4055.0,1.8976330708957678
weight,4060.0,1.898784732265253
weight,4077.0,1.9027917654758237
weight,4080.0,1.9035168562370148
weight,4082.0,1.9040037355614217
weight,4096.0,1.9074995922765239
weight,4098.0,1.9080128403807461
weight,4100.0,1.908529878023732
weight,4129.0,1.916521235590098
weight,4135.0,1.918308080155778
weight,4140.0,1.9198371689339506
weight,4141.0,1.9201475224276878
weight,4154.0,1.9243276692125306
weight,4165.0,1.9280909637667185
weight,4190.0,1.937514819924034
weight,4209.0,1.9455871239698714
weight,4215.0,1.9483155944640786
weight,4215.0,1.9483155944640786
weight,4220.0,1.9506584798051836
weight,4237.0,1.9591155007106904
weight,4257.0,1.9700965717520447
weight,4274.0,1.9803691811866924
weight,4278.0,1.9829175246016064
weight,4294.0,1.9936298960316154
weight,4295.0,1.9943275352221181
weight,4312.0,2.0067085203004025
weight,4325.0,2.0168567515250664
weight,4335.0,2.0250758937172977
weight,4341.0,2.030182889530198
weight,4354.0,2.041707195578328
weight,4360.0,2.047240808528194
weight,4363.0,2.05005900881558
weight,4376.0,2.0626709529774585
weight,4380.0,2.0666832912504307
weight,4382.0,2.0687128740788356
weight,4385.0,2.0717866066570916
weight,4422.0,2.112628228632396
weight,4425.0,2.1161798961658023
weight,4440.0,2.1344837634533618
weight,4456.0,2.1550132879532944
weight,4457.0,2.1563309074216788
weight,4464.0,2.1656680240273043
weight,4464.0,2.1656680240273043
weight,4498.0,2.213847754250764
weight,4499.0,2.215335583565464
weight,4502.0,2.2198232310405195
weight,4615.0,2.414531798802414
weight,4633.0,2.4499676644694866
weight,4638.0,2.460014884225706
weight,4654.0,2.4927511523420445
weight,4657.0,2.498987360271425
weight,4668.0,2.522114927012314
weight,4699.0,2.5894572878264888
weight,4732.0,2.6645396525254426
weight,4735.0,2.6715341639708794
weight,4746.0,2.6974173490633526
weight,4906.0,3.1150381696081557
weight,4951.0,3.246992760235478
weight,4952.0,3.250005558848346
weight,4955.0,3.2590657677275323
weight,4997.0,3.389483607735383
weight,5140.0,3.8932131678321813
acceleration,8.0,4.576023897860231
acceleration,8.5,4.189892554067816
acceleration,8.5,4.189892554067816
acceleration,9.0,3.874717579957929
acceleration,9.5,3.5559413241242694
acceleration,9.5,3.5559413241242694
acceleration,10.0,3.1975285783518284
acceleration,10.0,3.1975285783518284
acceleration,10.0,3.1975285783518284
acceleration,10.0,3.1975285783518284
acceleration,10.5,2.821636753604726
acceleration,11.0,2.4792571095450198
acceleration,11.0,2.4792571095450198
acceleration,11.0,2.4792571095450198
acceleration,11.0,2.4792571095450198
acceleration,11.0,2.4792571095450198
acceleration,11.0,2.4792571095450198
acceleration,11.0,2.4792571095450198
acceleration,11.1,2.4179448932618803
acceleration,11.2,2.3591868426065856
acceleration,11.3,2.3029072371848227
acceleration,11.4,2.2489702285668036
acceleration,11.4,2.2489702285668036
acceleration,11.5,2.1971915938677418
acceleration,11.5,2.1971915938677418
acceleration,11.5,2.1971915938677418
acceleration,11.5,2.1971915938677418
acceleration,11.5,2.1971915938677418
acceleration,11.5,2.1971915938677418
acceleration,11.5,2.1971915938677418
acceleration,11.6,2.147352199175925
acceleration,12.0,1.9625928760387377
acceleration,12.0,1.9625928760387377
acceleration,12.0,1.9625928760387377
acceleration,12.0,1.9625928760387377
acceleration,12.0,1.9625928760387377
acceleration,12.0,1.9625928760387377
acceleration,12.0,1.9625928760387377
acceleration,12.0,1.9625928760387377
acceleration,12.0,1.9625928760387377
acceleration,12.0,1.9625928760387377
acceleration,12.1,1.9189432556243837
acceleration,12.2,1.875964400150318
acceleration,12.2,1.875964400150318
acceleration,12.5,1.7502381453252085
acceleration,12.5,1.7502381453252085
acceleration,12.5,1.7502381453252085
acceleration,12.5,1.7502381453252085
acceleration,12.5,1.7502381453252085
acceleration,12.5,1.7502381453252085
acceleration,12.5,1.7502381453252085
acceleration,12.5,1.7502381453252085
acceleration,12.6,1.7093363670993027
acceleration,12.6,1.7093363670993027
acceleration,12.8,1.6292908535893682
acceleration,12.8,1.6292908535893682
acceleration,12.8,1.6292908535893682
acceleration,12.9,1.5903136680122856
acceleration,12.9,1.5903136680122856
acceleration,13.0,1.5521664217504234
acceleration,13.0,1.5521664217504234
acceleration,13.0,1.5521664217504234
acceleration,13.0,1.5521664217504234
acceleration,13.0,1.5521664217504234
acceleration,13.0,1.5521664217504234
acceleration,13.0,1.5521664217504234
acceleration,13.0,1.5521664217504234
acceleration,13.0,1.5521664217504234
acceleration,13.0,1.5521664217504234
acceleration,13.0,1.5521664217504234
acceleration,13.0,1.5521664217504234
acceleration,13.2,1.4787922486153033
acceleration,13.2,1.4787922486153033
acceleration,13.2,1.4787922486153033
acceleration,13.2,1.4787922486153033
acceleration,13.2,1.4787922486153033
acceleration,13.2,1.4787922486153033
acceleration,13.4,1.4100224444007095
acceleration,13.4,1.4100224444007095
acceleration,13.5,1.377617623524007
acceleration,13.5,1.377617623524007
acceleration,13.5,1.377617623524007
acceleration,13.5,1.377617623524007
acceleration,13.5,1.377617623524007
acceleration,13.5,1.377617623524007
acceleration,13.5,1.377617623524007
acceleration,13.5,1.377617623524007
acceleration,13.5,1.377617623524007
acceleration,13.5,1.377617623524007
acceleration,13.5,1.377617623524007
acceleration,13.5,1.377617623524007
acceleration,13.5,1.377617623524007
acceleration,13.5,1.377617623524007
acceleration,13.5,1.377617623524007
acceleration,13.6,1.3466586720116909
acceleration,13.6,1.3466586720116909
acceleration,13.7,1.3172336626467316
acceleration,13.7,1.3172336626467316
acceleration,13.8,1.2894254598123482
acceleration,13.8,1.2894254598123482
acceleration,13.9,1.2633113444011543
acceleration,13.9,1.2633113444011543
acceleration,14.0,1.238962332309986
acceleration,14.0,1.238962332309986
acceleration,14.0,1.238962332309986
acceleration,14.0,1.238962332309986
acceleration,14.0,1.238962332309986
acceleration,14.0,1.238962332309986
acceleration,14.0,1.238962332309986
acceleration,14.0,1.238962332309986
acceleration,14.0,1.238962332309986
acceleration,14.0,1.238962332309986
acceleration,14.0,1.238962332309986
acceleration,14.0,1.238962332309986
acceleration,14.0,1.238962332309986
acceleration,14.0,1.238962332309986
acceleration,14.0,1.238962332309986
acceleration,14.0,1.238962332309986
acceleration,14.1,1.216442197445131
acceleration,14.2,1.1958062922677637
acceleration,14.2,1.1958062922677637
acceleration,14.2,1.1958062922677637
acceleration,14.3,1.1771003170995282
acceleration,14.3,1.1771003170995282
acceleration,14.4,1.1603592186614398
acceleration,14.4,1.1603592186614398
acceleration,14.4,1.1603592186614398
acceleration,14.4,1.1603592186614398
acceleration,14.4,1.1603592186614398
acceleration,14.5,1.1456063980521816
acceleration,14.5,1.1456063980521816
acceleration,14.5,1.1456063980521816
acceleration,14.5,1.1456063980521816
acceleration,14.5,1.1456063980521816
acceleration,14.5,1.1456063980521816
acceleration,14.5,1.1456063980521816
acceleration,14.5,1.1456063980521816
acceleration,14.5,1.1456063980521816
acceleration,14.5,1.1456063980521816
acceleration,14.5,1.1456063980521816
acceleration,14.5,1.1456063980521816
acceleration,14.5,1.1456063980521816
acceleration,14.5,1.1456063980521816
acceleration,14.5,1.1456063980521816
acceleration,14.5,1.1456063980521816
acceleration,14.5,1.1456063980521816
acceleration,14.5,1.1456063980521816
acceleration,14.5,1.1456063980521816
acceleration,14.5,1.1456063980521816
acceleration,14.5,1.1456063980521816
acceleration,14.5,1.1456063980521816
acceleration,14.5,1.1456063980521816
acceleration,14.7,1.1221000622725317
acceleration,14.7,1.1221000622725317
acceleration,14.7,1.1221000622725317
acceleration,14.7,1.1221000622725317
acceleration,14.7,1.1221000622725317
acceleration,14.8,1.1133355546712045
acceleration,14.8,1.1133355546712045
acceleration,14.8,1.1133355546712045
acceleration,14.9,1.106539650573647
acceleration,14.9,1.106539650573647
acceleration,14.9,1.106539650573647
acceleration,14.9,1.106539650573647
acceleration,14.9,1.106539650573647
acceleration,14.9,1.106539650573647
acceleration,14.9,1.106539650573647
acceleration,15.0,1.101684787616367
acceleration,15.0,1.101684787616367
acceleration,15.0,1.101684787616367
acceleration,15.0,1.101684787616367
acceleration,15.0,1.101684787616367
acceleration,15.0,1.101684787616367
acceleration,15.0,1.101684787616367
acceleration,15.0,1.101684787616367
acceleration,15.0,1.101684787616367
acceleration,15.0,1.101684787616367
acceleration,15.0,1.101684787616367
acceleration,15.0,1.101684787616367
acceleration,15.0,1.101684787616367
acceleration,15.0,1.101684787616367
acceleration,15.1,1.0987383986051398
acceleration,15.1,1.0987383986051398
acceleration,15.2,1.0976654636113377
acceleration,15.2,1.0976654636113377
acceleration,15.2,1.0976654636113377
acceleration,15.3,1.0984310641735666
acceleration,15.3,1.0984310641735666
acceleration,15.3,1.0984310641735666
acceleration,15.4,1.1010027324365042
acceleration,15.4,1.1010027324365042
acceleration,15.4,1.1010027324365042
acceleration,15.4,1.1010027324365042
acceleration,15.5,1.1053523989582899
acceleration,15.5,1.1053523989582899
acceleration,15.5,1.1053523989582899
acceleration,15.5,1.1053523989582899
acceleration,15.5,1.1053523989582899
acceleration,15.5,1.1053523989582899
acceleration,15.5,1.1053523989582899
acceleration,15.5,1.1053523989582899
acceleration,15.5,1.1053523989582899
acceleration,15.5,1.1053523989582899
acceleration,15.5,1.1053523989582899
acceleration,15.5,1.1053523989582899
acceleration,15.5,1.1053523989582899
acceleration,15.5,1.1053523989582899
acceleration,15.5,1.1053523989582899
acceleration,15.5,1.1053523989582899
acceleration,15.5,1.1053523989582899
acceleration,15.5,1.1053523989582899
acceleration,15.5,1.1053523989582899
acceleration,15.5,1.1053523989582899
acceleration,15.6,1.111457768842711
acceleration,15.7,1.1193029934111873
acceleration,15.7,1.1193029934111873
acceleration,15.7,1.1193029934111873
acceleration,15.7,1.1193029934111873
acceleration,15.8,1.1288785497945373
acceleration,15.8,1.1288785497945373
acceleration,15.8,1.1288785497945373
acceleration,15.8,1.1288785497945373
acceleration,15.8,1.1288785497945373
acceleration,15.8,1.1288785497945373
acceleration,15.8,1.1288785497945373
acceleration,15.9,1.1401802895662458
acceleration,15.9,1.1401802895662458
acceleration,16.0,1.1532076664267654
acceleration,16.0,1.1532076664267654
acceleration,16.0,1.1532076664267654
acceleration,16.0,1.1532076664267654
acceleration,16.0,1.1532076664267654
acceleration,16.0,1.1532076664267654
acceleration,16.0,1.1532076664267654
acceleration,16.0,1.1532076664267654
acceleration,16.0,1.1532076664267654
acceleration,16.0,1.1532076664267654
acceleration,16.0,1.1532076664267654
acceleration,16.0,1.1532076664267654
acceleration,16.0,1.1532076664267654
acceleration,16.0,1.1532076664267654
acceleration,16.0,1.1532076664267654
acceleration,16.0,1.1532076664267654
acceleration,16.1,1.167961199599462
acceleration,16.200001,1.1844394462738093
acceleration,16.200001,1.1844394462738093
acceleration,16.200001,1.1844394462738093
acceleration,16.200001,1.1844394462738093
acceleration,16.4,1.2225291990902485
acceleration,16.4,1.2225291990902485
acceleration,16.4,1.2225291990902485
acceleration,16.4,1.2225291990902485
acceleration,16.4,1.2225291990902485
acceleration,16.4,1.2225291990902485
acceleration,16.4,1.2225291990902485
acceleration,16.4,1.2225291990902485
acceleration,16.4,1.2225291990902485
acceleration,16.5,1.2440920944701264
acceleration,16.5,1.2440920944701264
acceleration,16.5,1.2440920944701264
acceleration,16.5,1.2440920944701264
acceleration,16.5,1.2440920944701264
acceleration,16.5,1.2440920944701264
acceleration,16.5,1.2440920944701264
acceleration,16.5,1.2440920944701264
acceleration,16.5,1.2440920944701264
acceleration,16.5,1.2440920944701264
acceleration,16.5,1.2440920944701264
acceleration,16.5,1.2440920944701264
acceleration,16.5,1.2440920944701264
acceleration,16.6,1.2672733228923345
acceleration,16.6,1.2672733228923345
acceleration,16.6,1.2672733228923345
acceleration,16.700001,1.2920014587958577
acceleration,16.700001,1.2920014587958577
acceleration,16.700001,1.2920014587958577
acceleration,16.799999,1.318178923683445
acceleration,16.799999,1.318178923683445
acceleration,16.9,1.3456839919822172
acceleration,16.9,1.3456839919822172
acceleration,16.9,1.3456839919822172
acceleration,16.9,1.3456839919822172
acceleration,17.0,1.3743651087328022
acceleration,17.0,1.3743651087328022
acceleration,17.0,1.3743651087328022
acceleration,17.0,1.3743651087328022
acceleration,17.0,1.3743651087328022
acceleration,17.0,1.3743651087328022
acceleration,17.0,1.3743651087328022
acceleration,17.0,1.3743651087328022
acceleration,17.0,1.3743651087328022
acceleration,17.0,1.3743651087328022
acceleration,17.0,1.3743651087328022
acceleration,17.0,1.3743651087328022
acceleration,17.0,1.3743651087328022
acceleration,17.0,1.3743651087328022
acceleration,17.1,1.404046189479894
acceleration,17.200001,1.4345287667471438
acceleration,17.200001,1.4345287667471438
acceleration,17.299999,1.4655961518197433
acceleration,17.299999,1.4655961518197433
acceleration,17.299999,1.4655961518197433
acceleration,17.299999,1.4655961518197433
acceleration,17.299999,1.4655961518197433
acceleration,17.4,1.4970261992086766
acceleration,17.4,1.4970261992086766
acceleration,17.5,1.5285954374286905
acceleration,17.5,1.5285954374286905
acceleration,17.5,1.5285954374286905
acceleration,17.5,1.5285954374286905
acceleration,17.6,1.560095886557343
acceleration,17.6,1.560095886557343
acceleration,17.6,1.560095886557343
acceleration,17.6,1.560095886557343
acceleration,17.700001,1.5913467505233565
acceleration,17.700001,1.5913467505233565
acceleration,17.700001,1.5913467505233565
acceleration,17.799999,1.6222062576737695
acceleration,17.9,1.652588651788273
acceleration,18.0,1.6824680971935333
acceleration,18.0,1.6824680971935333
acceleration,18.0,1.6824680971935333
acceleration,18.0,1.6824680971935333
acceleration,18.0,1.6824680971935333
acceleration,18.0,1.6824680971935333
acceleration,18.0,1.6824680971935333
acceleration,18.0,1.6824680971935333
acceleration,18.1,1.711889948207806
acceleration,18.200001,1.740971546058976
acceleration,18.200001,1.740971546058976
acceleration,18.200001,1.740971546058976
acceleration,18.200001,1.740971546058976
acceleration,18.200001,1.740971546058976
acceleration,18.299999,1.7698983619321653
acceleration,18.5,1.8283386914128519
acceleration,18.5,1.8283386914128519
acceleration,18.5,1.8283386914128519
acceleration,18.5,1.8283386914128519
acceleration,18.5,1.8283386914128519
acceleration,18.6,1.858487244056318
acceleration,18.6,1.858487244056318
acceleration,18.6,1.858487244056318
acceleration,18.6,1.858487244056318
acceleration,18.700001,1.8897219290631768
acceleration,18.700001,1.8897219290631768
acceleration,18.799999,1.9223967319850601
acceleration,19.0,1.993385093147228
acceleration,19.0,1.993385093147228
acceleration,19.0,1.993385093147228
acceleration,19.0,1.993385093147228
acceleration,19.0,1.993385093147228
acceleration,19.0,1.993385093147228
acceleration,19.0,1.993385093147228
acceleration,19.0,1.993385093147228
acceleration,19.0,1.993385093147228
acceleration,19.0,1.993385093147228
acceleration,19.0,1.993385093147228
acceleration,19.0,1.993385093147228
acceleration,19.200001,2.07363045434602
acceleration,19.200001,2.07363045434602
acceleration,19.200001,2.07363045434602
acceleration,19.4,2.164283351193527
acceleration,19.4,2.164283351193527
acceleration,19.4,2.164283351193527
acceleration,19.5,2.213510212610672
acceleration,19.5,2.213510212610672
acceleration,19.5,2.213510212610672
acceleration,19.5,2.213510212610672
acceleration,19.5,2.213510212610672
acceleration,19.5,2.213510212610672
acceleration,19.6,2.2651524617583654
acceleration,19.9,2.4316302120003557
acceleration,20.1,2.5480611151086348
acceleration,20.1,2.5480611151086348
acceleration,20.4,2.7211457859146853
acceleration,20.5,2.7766939335602028
acceleration,20.5,2.7766939335602028
acceleration,20.5,2.7766939335602028
acceleration,20.700001,2.883003564031702
acceleration,21.0,3.0307024719770235
acceleration,21.0,3.0307024719770235
acceleration,21.0,3.0307024719770235
acceleration,21.0,3.0307024719770235
acceleration,21.0,3.0307024719770235
acceleration,21.5,3.265858848329733
acceleration,21.700001,3.3668288389890186
acceleration,21.799999,3.4205388738799964
acceleration,21.9,3.476811101967193
acceleration,22.1,3.5976991085682895
acceleration,22.200001,3.6623571375012656
acceleration,22.200001,3.6623571375012656
acceleration,23.5,4.4954208881992335
acceleration,23.700001,4.566425262615666
acceleration,24.6,4.839457823278593
acceleration,24.799999,4.941067310532829
model_year,70.0,1.9352864852532004
model_year,70.0,1.9352864852532004
model_year,70.0,1.9352864852532004
model_year,70.0,1.9352864852532004
model_year,70.0,1.9352864852532004
model_year,70.0,1.9352864852532004
model_year,70.0,1.9352864852532004
model_year,70.0,1.9352864852532004
model_year,70.0,1.9352864852532004
model_year,70.0,1.9352864852532004
model_year,70.0,1.9352864852532004
model_year,70.0,1.9352864852532004
model_year,70.0,1.9352864852532004
model_year,70.0,1.9352864852532004
model_year,70.0,1.9352864852532004
model_year,70.0,1.9352864852532004
model_year,70.0,1.9352864852532004
model_year,70.0,1.9352864852532004
model_year,70.0,1.9352864852532004
model_year,70.0,1.9352864852532004
model_year,70.0,1.9352864852532004
model_year,70.0,1.9352864852532004
model_year,70.0,1.9352864852532004
model_year,70.0,1.9352864852532004
model_year,70.0,1.9352864852532004
model_year,70.0,1.9352864852532004
model_year,70.0,1.9352864852532004
model_year,70.0,1.9352864852532004
model_year,70.0,1.9352864852532004
model_year,71.0,1.6137136256870994
model_year,71.0,1.6137136256870994
model_year,71.0,1.6137136256870994
model_year,71.0,1.6137136256870994
model_year,71.0,1.6137136256870994
model_year,71.0,1.6137136256870994
model_year,71.0,1.6137136256870994
model_year,71.0,1.6137136256870994
model_year,71.0,1.6137136256870994
model_year,71.0,1.6137136256870994
model_year,71.0,1.6137136256870994
model_year,71.0,1.6137136256870994
model_year,71.0,1.6137136256870994
model_year,71.0,1.6137136256870994
model_year,71.0,1.6137136256870994
model_year,71.0,1.6137136256870994
model_year,71.0,1.6137136256870994
model_year,71.0,1.6137136256870994
model_year,71.0,1.6137136256870994
model_year,71.0,1.6137136256870994
model_year,71.0,1.6137136256870994
model_year,71.0,1.6137136256870994
model_year,71.0,1.6137136256870994
model_year,71.0,1.6137136256870994
model_year,71.0,1.6137136256870994
model_year,71.0,1.6137136256870994
model_year,71.0,1.6137136256870994
model_year,71.0,1.6137136256870994
model_year,72.0,1.4775239599231664
model_year,72.0,1.4775239599231664
model_year,72.0,1.4775239599231664
model_year,72.0,1.4775239599231664
model_year,72.0,1.4775239599231664
model_year,72.0,1.4775239599231664
model_year,72.0,1.4775239599231664
model_year,72.0,1.4775239599231664
model_year,72.0,1.4775239599231664
model_year,72.0,1.4775239599231664
model_year,72.0,1.4775239599231664
model_year,72.0,1.4775239599231664
model_year,72.0,1.4775239599231664
model_year,72.0,1.4775239599231664
model_year,72.0,1.4775239599231664
model_year,72.0,1.4775239599231664
model_year,72.0,1.4775239599231664
model_year,72.0,1.4775239599231664
model_year,72.0,1.4775239599231664
model_year,72.0,1.4775239599231664
model_year,72.0,1.4775239599231664
model_year,72.0,1.4775239599231664
model_year,72.0,1.4775239599231664
model_year,72.0,1.4775239599231664
model_year,72.0,1.4775239599231664
model_year,72.0,1.4775239599231664
model_year,72.0,1.4775239599231664
model_year,72.0,1.4775239599231664
model_year,73.0,1.4316289157476518
model_year,73.0,1.4316289157476518
model_year,73.0,1.4316289157476518
model_year,73.0,1.4316289157476518
model_year,73.0,1.4316289157476518
model_year,73.0,1.4316289157476518
model_year,73.0,1.4316289157476518
model_year,73.0,1.4316289157476518
model_year,73.0,1.4316289157476518
model_year,73.0,1.4316289157476518
model_year,73.0,1.4316289157476518
model_year,73.0,1.4316289157476518
model_year,73.0,1.4316289157476518
model_year,73.0,1.4316289157476518
model_year,73.0,1.4316289157476518
model_year,73.0,1.4316289157476518
model_year,73.0,1.4316289157476518
model_year,73.0,1.4316289157476518
model_year,73.0,1.4316289157476518
model_year,73.0,1.4316289157476518
model_year,73.0,1.4316289157476518
model_year,73.0,1.4316289157476518
model_year,73.0,1.4316289157476518
model_year,73.0,1.4316289157476518
model_year,73.0,1.4316289157476518
model_year,73.0,1.4316289157476518
model_year,73.0,1.4316289157476518
model_year,73.0,1.4316289157476518
model_year,73.0,1.4316289157476518
model_year,73.0,1.4316289157476518
model_year,73.0,1.4316289157476518
model_year,73.0,1.4316289157476518
model_year,73.0,1.4316289157476518
model_year,73.0,1.4316289157476518
model_year,73.0,1.4316289157476518
model_year,73.0,1.4316289157476518
model_year,73.0,1.4316289157476518
model_year,73.0,1.4316289157476518
model_year,73.0,1.4316289157476518
model_year,73.0,1.4316289157476518
model_year,74.0,1.4530402700926641
model_year,74.0,1.4530402700926641
model_year,74.0,1.4530402700926641
model_year,74.0,1.4530402700926641
model_year,74.0,1.4530402700926641
model_year,74.0,1.4530402700926641
model_year,74.0,1.4530402700926641
model_year,74.0,1.4530402700926641
model_year,74.0,1.4530402700926641
model_year,74.0,1.4530402700926641
model_year,74.0,1.4530402700926641
model_year,74.0,1.4530402700926641
model_year,74.0,1.4530402700926641
model_year,74.0,1.4530402700926641
model_year,74.0,1.4530402700926641
model_year,74.0,1.4530402700926641
model_year,74.0,1.4530402700926641
model_year,74.0,1.4530402700926641
model_year,74.0,1.4530402700926641
model_year,74.0,1.4530402700926641
model_year,74.0,1.4530402700926641
model_year,74.0,1.4530402700926641
model_year,74.0,1.4530402700926641
model_year,74.0,1.4530402700926641
model_year,74.0,1.4530402700926641
model_year,74.0,1.4530402700926641
model_year,75.0,1.4667654924703206
model_year,75.0,1.4667654924703206
model_year,75.0,1.4667654924703206
model_year,75.0,1.4667654924703206
model_year,75.0,1.4667654924703206
model_year,75.0,1.4667654924703206
model_year,75.0,1.4667654924703206
model_year,75.0,1.4667654924703206
model_year,75.0,1.4667654924703206
model_year,75.0,1.4667654924703206
model_year,75.0,1.4667654924703206
model_year,75.0,1.4667654924703206
model_year,75.0,1.4667654924703206
model_year,75.0,1.4667654924703206
model_year,75.0,1.4667654924703206
model_year,75.0,1.4667654924703206
model_year,75.0,1.4667654924703206
model_year,75.0,1.4667654924703206
model_year,75.0,1.4667654924703206
model_year,75.0,1.4667654924703206
model_year,75.0,1.4667654924703206
model_year,75.0,1.4667654924703206
model_year,75.0,1.4667654924703206
model_year,75.0,1.4667654924703206
model_year,75.0,1.4667654924703206
model_year,75.0,1.4667654924703206
model_year,75.0,1.4667654924703206
model_year,75.0,1.4667654924703206
model_year,75.0,1.4667654924703206
model_year,75.0,1.4667654924703206
model_year,76.0,1.4519438516368108
model_year,76.0,1.4519438516368108
model_year,76.0,1.4519438516368108
model_year,76.0,1.4519438516368108
model_year,76.0,1.4519438516368108
model_year,76.0,1.4519438516368108
model_year,76.0,1.4519438516368108
model_year,76.0,1.4519438516368108
model_year,76.0,1.4519438516368108
model_year,76.0,1.4519438516368108
model_year,76.0,1.4519438516368108
model_year,76.0,1.4519438516368108
model_year,76.0,1.4519438516368108
model_year,76.0,1.4519438516368108
model_year,76.0,1.4519438516368108
model_year,76.0,1.4519438516368108
model_year,76.0,1.4519438516368108
model_year,76.0,1.4519438516368108
model_year,76.0,1.4519438516368108
model_year,76.0,1.4519438516368108
model_year,76.0,1.4519438516368108
model_year,76.0,1.4519438516368108
model_year,76.0,1.4519438516368108
model_year,76.0,1.4519438516368108
model_year,76.0,1.4519438516368108
model_year,76.0,1.4519438516368108
model_year,76.0,1.4519438516368108
model_year,76.0,1.4519438516368108
model_year,76.0,1.4519438516368108
model_year,76.0,1.4519438516368108
model_year,76.0,1.4519438516368108
model_year,76.0,1.4519438516368108
model_year,76.0,1.4519438516368108
model_year,76.0,1.4519438516368108
model_year,77.0,1.439600879801774
model_year,77.0,1.439600879801774
model_year,77.0,1.439600879801774
model_year,77.0,1.439600879801774
model_year,77.0,1.439600879801774
model_year,77.0,1.439600879801774
model_year,77.0,1.439600879801774
model_year,77.0,1.439600879801774
model_year,77.0,1.439600879801774
model_year,77.0,1.439600879801774
model_year,77.0,1.439600879801774
model_year,77.0,1.439600879801774
model_year,77.0,1.439600879801774
model_year,77.0,1.439600879801774
model_year,77.0,1.439600879801774
model_year,77.0,1.439600879801774
model_year,77.0,1.439600879801774
model_year,77.0,1.439600879801774
model_year,77.0,1.439600879801774
model_year,77.0,1.439600879801774
model_year,77.0,1.439600879801774
model_year,77.0,1.439600879801774
model_year,77.0,1.439600879801774
model_year,77.0,1.439600879801774
model_year,77.0,1.439600879801774
model_year,77.0,1.439600879801774
model_year,77.0,1.439600879801774
model_year,77.0,1.439600879801774
model_year,78.0,1.4406159219025159
model_year,78.0,1.4406159219025159
model_year,78.0,1.4406159219025159
model_year,78.0,1.4406159219025159
model_year,78.0,1.4406159219025159
model_year,78.0,1.4406159219025159
model_year,78.0,1.4406159219025159
model_year,78.0,1.4406159219025159
model_year,78.0,1.4406159219025159
model_year,78.0,1.4406159219025159
model_year,78.0,1.4406159219025159
model_year,78.0,1.4406159219025159
model_year,78.0,1.4406159219025159
model_year,78.0,1.4406159219025159
model_year,78.0,1.4406159219025159
model_year,78.0,1.4406159219025159
model_year,78.0,1.4406159219025159
model_year,78.0,1.4406159219025159
model_year,78.0,1.4406159219025159
model_year,78.0,1.4406159219025159
model_year,78.0,1.4406159219025159
model_year,78.0,1.4406159219025159
model_year,78.0,1.4406159219025159
model_year,78.0,1.4406159219025159
model_year,78.0,1.4406159219025159
model_year,78.0,1.4406159219025159
model_year,78.0,1.4406159219025159
model_year,78.0,1.4406159219025159
model_year,78.0,1.4406159219025159
model_year,78.0,1.4406159219025159
model_year,78.0,1.4406159219025159
model_year,78.0,1.4406159219025159
model_year,78.0,1.4406159219025159
model_year,78.0,1.4406159219025159
model_year,78.0,1.4406159219025159
model_year,78.0,1.4406159219025159
model_year,79.0,1.4742073569436327
model_year,79.0,1.4742073569436327
model_year,79.0,1.4742073569436327
model_year,79.0,1.4742073569436327
model_year,79.0,1.4742073569436327
model_year,79.0,1.4742073569436327
model_year,79.0,1.4742073569436327
model_year,79.0,1.4742073569436327
model_year,79.0,1.4742073569436327
model_year,79.0,1.4742073569436327
model_year,79.0,1.4742073569436327
model_year,79.0,1.4742073569436327
model_year,79.0,1.4742073569436327
model_year,79.0,1.4742073569436327
model_year,79.0,1.4742073569436327
model_year,79.0,1.4742073569436327
model_year,79.0,1.4742073569436327
model_year,79.0,1.4742073569436327
model_year,79.0,1.4742073569436327
model_year,79.0,1.4742073569436327
model_year,79.0,1.4742073569436327
model_year,79.0,1.4742073569436327
model_year,79.0,1.4742073569436327
model_year,79.0,1.4742073569436327
model_year,79.0,1.4742073569436327
model_year,79.0,1.4742073569436327
model_year,79.0,1.4742073569436327
model_year,79.0,1.4742073569436327
model_year,79.0,1.4742073569436327
model_year,80.0,1.529893702935979
model_year,80.0,1.529893702935979
model_year,80.0,1.529893702935979
model_year,80.0,1.529893702935979
model_year,80.0,1.529893702935979
model_year,80.0,1.529893702935979
model_year,80.0,1.529893702935979
model_year,80.0,1.529893702935979
model_year,80.0,1.529893702935979
model_year,80.0,1.529893702935979
model_year,80.0,1.529893702935979
model_year,80.0,1.529893702935979
model_year,80.0,1.529893702935979
model_year,80.0,1.529893702935979
model_year,80.0,1.529893702935979
model_year,80.0,1.529893702935979
model_year,80.0,1.529893702935979
model_year,80.0,1.529893702935979
model_year,80.0,1.529893702935979
model_year,80.0,1.529893702935979
model_year,80.0,1.529893702935979
model_year,80.0,1.529893702935979
model_year,80.0,1.529893702935979
model_year,80.0,1.529893702935979
model_year,80.0,1.529893702935979
model_year,80.0,1.529893702935979
model_year,80.0,1.529893702935979
model_year,80.0,1.529893702935979
model_year,80.0,1.529893702935979
model_year,81.0,1.6283699789147623
model_year,81.0,1.6283699789147623
model_year,81.0,1.6283699789147623
model_year,81.0,1.6283699789147623
model_year,81.0,1.6283699789147623
model_year,81.0,1.6283699789147623
model_year,81.0,1.6283699789147623
model_year,81.0,1.6283699789147623
model_year,81.0,1.6283699789147623
model_year,81.0,1.6283699789147623
model_year,81.0,1.6283699789147623
model_year,81.0,1.6283699789147623
model_year,81.0,1.6283699789147623
model_year,81.0,1.6283699789147623
model_year,81.0,1.6283699789147623
model_year,81.0,1.6283699789147623
model_year,81.0,1.6283699789147623
model_year,81.0,1.6283699789147623
model_year,81.0,1.6283699789147623
model_year,81.0,1.6283699789147623
model_year,81.0,1.6283699789147623
model_year,81.0,1.6283699789147623
model_year,81.0,1.6283699789147623
model_year,81.0,1.6283699789147623
model_year,81.0,1.6283699789147623
model_year,81.0,1.6283699789147623
model_year,81.0,1.6283699789147623
model_year,82.0,1.9156840434226383
model_year,82.0,1.9156840434226383
model_year,82.0,1.9156840434226383
model_year,82.0,1.9156840434226383
model_year,82.0,1.9156840434226383
model_year,82.0,1.9156840434226383
model_year,82.0,1.9156840434226383
model_year,82.0,1.9156840434226383
model_year,82.0,1.9156840434226383
model_year,82.0,1.9156840434226383
model_year,82.0,1.9156840434226383
model_year,82.0,1.9156840434226383
model_year,82.0,1.9156840434226383
model_year,82.0,1.9156840434226383
model_year,82.0,1.9156840434226383
model_year,82.0,1.9156840434226383
model_year,82.0,1.9156840434226383
model_year,82.0,1.9156840434226383
model_year,82.0,1.9156840434226383
model_year,82.0,1.9156840434226383
model_year,82.0,1.9156840434226383
model_year,82.0,1.9156840434226383
model_year,82.0,1.9156840434226383
model_year,82.0,1.9156840434226383
model_year,82.0,1.9156840434226383
model_year,82.0,1.9156840434226383
model_year,82.0,1.9156840434226383
model_year,82.0,1.9156840434226383
model_year,82.0,1.9156840434226383
model_year,82.0,1.9156840434226383
model_year,82.0,1.9156840434226383
